{
  "id": "1141441",
  "name": "CSS",
  "font_family": "iconfont",
  "css_prefix_text": "icon",
  "description": "",
  "glyphs": [
    {
      "icon_id": "1305",
      "name": "购物车满",
      "font_class": "gouwucheman",
      "unicode": "e600",
      "unicode_decimal": 58880
    },
    {
      "icon_id": "144143",
      "name": "next",
      "font_class": "next",
      "unicode": "e642",
      "unicode_decimal": 58946
    },
    {
      "icon_id": "208649",
      "name": "close",
      "font_class": "close1",
      "unicode": "e61b",
      "unicode_decimal": 58907
    },
    {
      "icon_id": "300708",
      "name": "三角下",
      "font_class": "triangle-bottom",
      "unicode": "e62c",
      "unicode_decimal": 58924
    },
    {
      "icon_id": "300727",
      "name": "三角右",
      "font_class": "triangle-right",
      "unicode": "e62d",
      "unicode_decimal": 58925
    },
    {
      "icon_id": "356438",
      "name": "放大镜",
      "font_class": "fangdajing",
      "unicode": "e60d",
      "unicode_decimal": 58893
    },
    {
      "icon_id": "397753",
      "name": "定位",
      "font_class": "dingwei",
      "unicode": "e616",
      "unicode_decimal": 58902
    },
    {
      "icon_id": "548107",
      "name": "close2",
      "font_class": "close2",
      "unicode": "e61c",
      "unicode_decimal": 58908
    },
    {
      "icon_id": "551964",
      "name": "箭头",
      "font_class": "arrow-right-copy",
      "unicode": "e602",
      "unicode_decimal": 58882
    },
    {
      "icon_id": "577523",
      "name": "下",
      "font_class": "xia",
      "unicode": "e65f",
      "unicode_decimal": 58975
    },
    {
      "icon_id": "608317",
      "name": "箭头",
      "font_class": "jiantouarrow483",
      "unicode": "e695",
      "unicode_decimal": 59029
    },
    {
      "icon_id": "608351",
      "name": "箭头",
      "font_class": "jiantouarrow486",
      "unicode": "e6aa",
      "unicode_decimal": 59050
    },
    {
      "icon_id": "637559",
      "name": "LC_icon_close_fill_circle",
      "font_class": "LC_icon_close_fill_circle",
      "unicode": "e605",
      "unicode_decimal": 58885
    },
    {
      "icon_id": "999120",
      "name": "放大镜",
      "font_class": "ai219",
      "unicode": "e6cf",
      "unicode_decimal": 59087
    },
    {
      "icon_id": "1089767",
      "name": "三角",
      "font_class": "sanjiao",
      "unicode": "e65a",
      "unicode_decimal": 58970
    },
    {
      "icon_id": "1110403",
      "name": "箭头 三角形",
      "font_class": "jiantou11",
      "unicode": "e603",
      "unicode_decimal": 58883
    },
    {
      "icon_id": "1110404",
      "name": "箭头 左 小",
      "font_class": "jiantou2",
      "unicode": "e604",
      "unicode_decimal": 58884
    },
    {
      "icon_id": "1110406",
      "name": "箭头 左 中",
      "font_class": "jiantou4",
      "unicode": "e606",
      "unicode_decimal": 58886
    },
    {
      "icon_id": "1112713",
      "name": "close",
      "font_class": "close3",
      "unicode": "e624",
      "unicode_decimal": 58916
    },
    {
      "icon_id": "1115038",
      "name": "购物车",
      "font_class": "gouwuche2",
      "unicode": "e61a",
      "unicode_decimal": 58906
    },
    {
      "icon_id": "1242220",
      "name": "close",
      "font_class": "close4",
      "unicode": "e62b",
      "unicode_decimal": 58923
    },
    {
      "icon_id": "1526274",
      "name": "锁 1",
      "font_class": "suo",
      "unicode": "e657",
      "unicode_decimal": 58967
    },
    {
      "icon_id": "1980999",
      "name": "箭头_右",
      "font_class": "jiantou1",
      "unicode": "e617",
      "unicode_decimal": 58903
    },
    {
      "icon_id": "2402040",
      "name": "箭头",
      "font_class": "jiantou",
      "unicode": "e612",
      "unicode_decimal": 58898
    },
    {
      "icon_id": "2507648",
      "name": "icon_next",
      "font_class": "icon_next",
      "unicode": "e627",
      "unicode_decimal": 58919
    },
    {
      "icon_id": "2676665",
      "name": "放大镜",
      "font_class": "fangdajing1",
      "unicode": "e6dd",
      "unicode_decimal": 59101
    },
    {
      "icon_id": "3216122",
      "name": "地标",
      "font_class": "icon--",
      "unicode": "e732",
      "unicode_decimal": 59186
    },
    {
      "icon_id": "3979413",
      "name": "旅游度假",
      "font_class": "lvyoudujia",
      "unicode": "e615",
      "unicode_decimal": 58901
    },
    {
      "icon_id": "4933156",
      "name": "右",
      "font_class": "you",
      "unicode": "e6c7",
      "unicode_decimal": 59079
    },
    {
      "icon_id": "5193917",
      "name": "购物车",
      "font_class": "gouwuche",
      "unicode": "e61f",
      "unicode_decimal": 58911
    },
    {
      "icon_id": "5318209",
      "name": "酒店",
      "font_class": "jiudian",
      "unicode": "e687",
      "unicode_decimal": 59015
    },
    {
      "icon_id": "5327492",
      "name": "飞机",
      "font_class": "feiji",
      "unicode": "e704",
      "unicode_decimal": 59140
    },
    {
      "icon_id": "5327567",
      "name": "火车",
      "font_class": "huoche",
      "unicode": "e719",
      "unicode_decimal": 59161
    },
    {
      "icon_id": "5334168",
      "name": "箭头",
      "font_class": "jiantou5",
      "unicode": "e618",
      "unicode_decimal": 58904
    },
    {
      "icon_id": "6150960",
      "name": "WIFI",
      "font_class": "WIFI",
      "unicode": "e76c",
      "unicode_decimal": 59244
    },
    {
      "icon_id": "6150964",
      "name": "cut",
      "font_class": "cut",
      "unicode": "e770",
      "unicode_decimal": 59248
    },
    {
      "icon_id": "6150971",
      "name": "supervise",
      "font_class": "supervise",
      "unicode": "e777",
      "unicode_decimal": 59255
    },
    {
      "icon_id": "6151080",
      "name": "transanction",
      "font_class": "transanction",
      "unicode": "e7a2",
      "unicode_decimal": 59298
    },
    {
      "icon_id": "6151097",
      "name": "eye-fill",
      "font_class": "eye-fill",
      "unicode": "e7ab",
      "unicode_decimal": 59307
    },
    {
      "icon_id": "6151099",
      "name": "flag-fill",
      "font_class": "flag-fill",
      "unicode": "e7ad",
      "unicode_decimal": 59309
    },
    {
      "icon_id": "6151146",
      "name": "heart-fill",
      "font_class": "heart-fill",
      "unicode": "e7d1",
      "unicode_decimal": 59345
    },
    {
      "icon_id": "6151151",
      "name": "user-fill",
      "font_class": "user-fill",
      "unicode": "e7d5",
      "unicode_decimal": 59349
    },
    {
      "icon_id": "6151177",
      "name": "check-circle-fill",
      "font_class": "check-circle-fill",
      "unicode": "e7e2",
      "unicode_decimal": 59362
    },
    {
      "icon_id": "6151198",
      "name": "paper-plane",
      "font_class": "paper-plane",
      "unicode": "e7eb",
      "unicode_decimal": 59371
    },
    {
      "icon_id": "6151214",
      "name": "position",
      "font_class": "position",
      "unicode": "e7f1",
      "unicode_decimal": 59377
    },
    {
      "icon_id": "6151215",
      "name": "location",
      "font_class": "location",
      "unicode": "e7f2",
      "unicode_decimal": 59378
    },
    {
      "icon_id": "6151292",
      "name": "minus",
      "font_class": "minus",
      "unicode": "e828",
      "unicode_decimal": 59432
    },
    {
      "icon_id": "6151293",
      "name": "plus",
      "font_class": "plus",
      "unicode": "e829",
      "unicode_decimal": 59433
    },
    {
      "icon_id": "6151294",
      "name": "times",
      "font_class": "times",
      "unicode": "e82a",
      "unicode_decimal": 59434
    },
    {
      "icon_id": "6151295",
      "name": "check",
      "font_class": "check",
      "unicode": "e82b",
      "unicode_decimal": 59435
    },
    {
      "icon_id": "6151394",
      "name": "angle-down",
      "font_class": "angle-down",
      "unicode": "e84c",
      "unicode_decimal": 59468
    },
    {
      "icon_id": "6151395",
      "name": "angle-up",
      "font_class": "angle-up",
      "unicode": "e84d",
      "unicode_decimal": 59469
    },
    {
      "icon_id": "6172776",
      "name": "integral",
      "font_class": "integral",
      "unicode": "e85e",
      "unicode_decimal": 59486
    },
    {
      "icon_id": "6173016",
      "name": "shopping-cart-fill",
      "font_class": "shopping-cart-fill",
      "unicode": "e865",
      "unicode_decimal": 59493
    },
    {
      "icon_id": "6263769",
      "name": "wind-loading",
      "font_class": "wind-loading",
      "unicode": "e869",
      "unicode_decimal": 59497
    },
    {
      "icon_id": "6416624",
      "name": "箭头",
      "font_class": "jiantou6",
      "unicode": "e619",
      "unicode_decimal": 58905
    },
    {
      "icon_id": "7146983",
      "name": "购物车",
      "font_class": "gouwuche1",
      "unicode": "e613",
      "unicode_decimal": 58899
    },
    {
      "icon_id": "7275102",
      "name": "Close (with circle) ",
      "font_class": "Closewithcircle",
      "unicode": "e63d",
      "unicode_decimal": 58941
    },
    {
      "icon_id": "7275140",
      "name": "Close (with circle) ",
      "font_class": "Closewithcircle1",
      "unicode": "e645",
      "unicode_decimal": 58949
    },
    {
      "icon_id": "7348729",
      "name": "close",
      "font_class": "close",
      "unicode": "e643",
      "unicode_decimal": 58947
    },
    {
      "icon_id": "7708051",
      "name": "购物车",
      "font_class": "gouwuche3",
      "unicode": "e621",
      "unicode_decimal": 58913
    },
    {
      "icon_id": "11132208",
      "name": "arrow-down",
      "font_class": "arrow-down",
      "unicode": "e63b",
      "unicode_decimal": 58939
    },
    {
      "icon_id": "11132210",
      "name": "arrow",
      "font_class": "arrow",
      "unicode": "e63c",
      "unicode_decimal": 58940
    }
  ]
}
